{
    "Version": "0.9.11",
    "bpm": 130.0,
    "startDelayMs": 850,
    "NoteLegnth": [
        4,
        0,
        0,
        0,
        0,
        0,
        0,
        4,
        0,
        0,
        0,
        0,
        0,
        0,
        4,
        0,
        0,
        0,
        0,
        0,
        0,
        0,
        4,
        0,
        0,
        0,
        0,
        4,
        0,
        0,
        0,
        4,
        0,
        0,
        0,
        0,
        0,
        0,
        4,
        0,
        0,
        0,
        0,
        0,
        0,
        4,
        0,
        0,
        0,
        0,
        0,
        0,
        0,
        0,
        0,
        0,
        4,
        4
    ],
    "NoteMs": [
        1846.15380859375,
        2076.923095703125,
        2192.3076171875,
        2307.6923828125,
        2307.6923828125,
        2538.46142578125,
        2538.46142578125,
        2769.230712890625,
        3000.0,
        3115.384521484375,
        3230.769287109375,
        3230.769287109375,
        3461.53857421875,
        3461.53857421875,
        3692.3076171875,
        3923.076904296875,
        4038.46142578125,
        4153.84619140625,
        4153.84619140625,
        4384.615234375,
        4384.615234375,
        4615.384765625,
        4615.384765625,
        4730.76904296875,
        4846.15380859375,
        4961.53857421875,
        5076.9228515625,
        5076.9228515625,
        5192.3076171875,
        5307.6923828125,
        5423.0771484375,
        5538.46142578125,
        5769.23095703125,
        5884.615234375,
        6000.0,
        6000.0,
        6230.76904296875,
        6230.76904296875,
        6461.53857421875,
        6692.3076171875,
        6807.6923828125,
        6923.0771484375,
        6923.0771484375,
        7153.84619140625,
        7153.84619140625,
        7384.615234375,
        7615.384765625,
        7730.76904296875,
        7846.15380859375,
        7846.15380859375,
        8076.9228515625,
        8076.9228515625,
        8307.6923828125,
        8423.0771484375,
        8538.4619140625,
        8653.845703125,
        8769.23046875,
        8769.23046875
    ],
    "NotePos": [
        1600.0,
        1800.0,
        1900.0,
        2000.0,
        2000.0,
        2200.0,
        2200.0,
        2400.0,
        2600.0,
        2700.0,
        2800.0,
        2800.0,
        3000.0,
        3000.0,
        3200.0,
        3400.0,
        3500.0,
        3600.0,
        3600.0,
        3800.0,
        3800.0,
        4000.0,
        4000.0,
        4100.0,
        4200.0,
        4300.0,
        4400.0,
        4400.0,
        4500.0,
        4600.0,
        4700.0,
        4800.0,
        5000.0,
        5100.0,
        5200.0,
        5200.0,
        5400.0,
        5400.0,
        5600.0,
        5800.0,
        5900.0,
        6000.0,
        6000.0,
        6200.0,
        6200.0,
        6400.0,
        6600.0,
        6700.0,
        6800.0,
        6800.0,
        7000.0,
        7000.0,
        7200.0,
        7300.0,
        7400.0,
        7500.0,
        7600.0,
        7600.0
    ],
    "NoteLine": [
        4,
        5,
        1,
        2,
        3,
        1,
        3,
        4,
        5,
        1,
        2,
        3,
        1,
        3,
        4,
        5,
        1,
        2,
        3,
        1,
        3,
        2,
        5,
        3,
        2,
        1,
        3,
        6,
        2,
        3,
        4,
        1,
        6,
        4,
        2,
        3,
        2,
        4,
        1,
        6,
        4,
        2,
        3,
        2,
        4,
        1,
        6,
        4,
        2,
        3,
        2,
        4,
        3,
        1,
        4,
        2,
        1,
        4
    ],
    "NotePowered": [
        false,
        false,
        false,
        false,
        false,
        false,
        false,
        false,
        false,
        false,
        false,
        false,
        false,
        false,
        false,
        false,
        false,
        false,
        false,
        false,
        false,
        false,
        false,
        false,
        false,
        false,
        false,
        false,
        false,
        false,
        false,
        false,
        false,
        false,
        false,
        false,
        false,
        false,
        false,
        false,
        false,
        false,
        false,
        false,
        false,
        false,
        false,
        false,
        false,
        false,
        false,
        false,
        false,
        false,
        false,
        false,
        false,
        false
    ],
    "EffectMs": [],
    "EffectPos": [],
    "EffectForce": [],
    "EffectIsPause": [],
    "SpeedMs": [],
    "SpeedPos": [],
    "SpeedBpm": [],
    "SpeedNum": []
}